{"v":"5.7.1","fr":60,"ip":0,"op":451.98,"w":1000,"h":1000,"ddd":0,"assets":[],"layers":[{"ind":11,"nm":"handRightFront","ks":{"p":{"a":0,"k":[728.248,334.394]},"a":{"a":0,"k":[62.785,0,0]},"s":{"a":0,"k":[100,100,100]},"r":{"a":1,"k":[{"t":0,"s":[0],"i":{"x":[0.175],"y":[1]},"o":{"x":[0.77],"y":[0]},"e":[60]},{"t":60,"s":[60],"i":{"x":[0.175],"y":[1]},"o":{"x":[0.77],"y":[0]},"e":[-45]},{"t":121,"s":[-45],"i":{"x":[0.175],"y":[1]},"o":{"x":[0.77],"y":[0]},"e":[45]},{"t":150,"s":[45],"i":{"x":[0.175],"y":[1]},"o":{"x":[0.77],"y":[0]},"e":[-45]},{"t":180,"s":[-45],"i":{"x":[0.175],"y":[1]},"o":{"x":[0.77],"y":[0]},"e":[45]},{"t":210,"s":[45],"i":{"x":[0.175],"y":[1]},"o":{"x":[0.77],"y":[0]},"e":[-45]},{"t":240,"s":[-45],"i":{"x":[0.175],"y":[1]},"o":{"x":[0.77],"y":[0]},"e":[45]},{"t":255,"s":[45],"i":{"x":[0.175],"y":[1]},"o":{"x":[0.77],"y":[0]},"e":[-53.998]},{"t":270,"s":[-53.998],"i":{"x":[0.175],"y":[1]},"o":{"x":[0.77],"y":[0]},"e":[51.002]},{"t":285,"s":[51.002],"i":{"x":[0.175],"y":[1]},"o":{"x":[0.77],"y":[0]},"e":[-54.614]},{"t":300,"s":[-54.614],"i":{"x":[0.58],"y":[1]},"o":{"x":[0.42],"y":[0]},"e":[65.386]},{"t":315,"s":[65.386],"i":{"x":[0.58],"y":[1]},"o":{"x":[0.42],"y":[0]},"e":[-54.614]},{"t":330,"s":[-54.614],"i":{"x":[0.58],"y":[1]},"o":{"x":[0.42],"y":[0]},"e":[50.386]},{"t":345,"s":[50.386],"i":{"x":[0.58],"y":[1]},"o":{"x":[0.42],"y":[0]},"e":[-57.572]},{"t":360,"s":[-57.572],"i":{"x":[0.58],"y":[1]},"o":{"x":[0.42],"y":[0]},"e":[62.428]},{"t":372.5,"s":[62.428],"i":{"x":[0.58],"y":[1]},"o":{"x":[0.42],"y":[0]},"e":[-57.572]},{"t":384,"s":[-57.572],"i":{"x":[0.58],"y":[1]},"o":{"x":[0.42],"y":[0]},"e":[62.428]},{"t":395,"s":[62.428],"i":{"x":[0.58],"y":[1]},"o":{"x":[0.42],"y":[0]},"e":[-57.572]},{"t":410,"s":[-57.572],"i":{"x":[0.833],"y":[0.833]},"o":{"x":[0.167],"y":[0.167]},"e":[0]},{"t":434,"s":[0]}]},"o":{"a":1,"k":[{"t":162,"s":[100],"i":{"x":[0.07],"y":[1]},"o":{"x":[0.86],"y":[0]},"e":[0]},{"t":180,"s":[0],"i":{"x":[0.833],"y":[0.833]},"o":{"x":[0.167],"y":[0.167]},"e":[0]},{"t":219,"s":[0],"i":{"x":[0.07],"y":[1]},"o":{"x":[0.86],"y":[0]},"e":[100]},{"t":240,"s":[100],"i":{"x":[0.833],"y":[0.833]},"o":{"x":[0.167],"y":[0.167]},"e":[100]},{"t":255,"s":[100],"i":{"x":[0.833],"y":[0.833]},"o":{"x":[0.167],"y":[0.167]},"e":[100]},{"t":285,"s":[100],"i":{"x":[0.833],"y":[0.833]},"o":{"x":[0.167],"y":[0.167]},"e":[100]},{"t":300,"s":[100],"i":{"x":[0.07],"y":[1]},"o":{"x":[0.86],"y":[0]},"e":[0]},{"t":308,"s":[0],"i":{"x":[0.833],"y":[0.833]},"o":{"x":[0.167],"y":[0.167]},"e":[0]},{"t":323,"s":[0],"i":{"x":[0.07],"y":[1]},"o":{"x":[0.86],"y":[0]},"e":[100]},{"t":345,"s":[100],"i":{"x":[0.833],"y":[0.833]},"o":{"x":[0.167],"y":[0.167]},"e":[100]},{"t":360,"s":[100],"i":{"x":[0.833],"y":[0.833]},"o":{"x":[0.167],"y":[0.167]},"e":[100]},{"t":372,"s":[100],"i":{"x":[0.07],"y":[1]},"o":{"x":[0.86],"y":[0]},"e":[0]},{"t":384,"s":[0]}]}},"ao":0,"ip":0,"op":452,"st":0,"bm":0,"sr":1,"ty":4,"shapes":[{"ty":"gr","it":[{"ty":"sh","d":1,"ks":{"a":0,"k":{"i":[[0,0],[-0.81,1.504],[1.943,2.375],[2.214,0.511],[4.945,2.662],[4.938,4.04],[2.539,0.508],[0.748,-0.914],[-1.74,-2.126],[-2.516,-1.354],[-9.422,-10.783]],"o":[[2.957,0],[1.164,-2.161],[-1.804,-2.205],[-5.426,-1.252],[-5.594,-3.013],[-1.734,-1.42],[-1.126,-0.225],[-1.475,1.803],[1.883,2.301],[11.565,6.228],[0,0]],"v":[[45.48,34.914],[50.512,32.458],[52.189,24.91],[45.66,24.131],[28.886,15.266],[11.454,5.741],[7.141,1.068],[3.966,2.087],[1.57,10.833],[9.957,12.63],[45.48,34.914]],"c":true},"hd":false}},{"ty":"fl","c":{"a":1,"k":[{"t":284,"s":[0.914,0.914,0.91,1],"i":{"x":[0.833],"y":[0.833]},"o":{"x":[0.167],"y":[0.167]},"e":[0.239,0.859,0.522,1]},{"t":300,"s":[0.239,0.859,0.522,1],"i":{"x":[0.833],"y":[0.833]},"o":{"x":[0.167],"y":[0.167]},"e":[0.239,0.859,0.522,1]},{"t":434,"s":[0.239,0.859,0.522,1],"i":{"x":[0.07],"y":[1]},"o":{"x":[0.86],"y":[0]},"e":[1,1,1,1]},{"t":450,"s":[1,1,1,1]}]},"hd":false,"o":{"a":0,"k":100},"r":1},{"ty":"tr","p":{"a":0,"k":[67.774,197.583]},"a":{"a":0,"k":[26.956,17.957]},"s":{"a":0,"k":[-193.418,250.883]},"r":{"a":0,"k":-53.714},"o":{"a":0,"k":100},"sk":{"a":0,"k":-8.516},"sa":{"a":0,"k":0}}],"nm":"bone","ln":"bone","hd":false},{"ty":"gr","it":[{"ty":"sh","d":1,"ks":{"a":0,"k":{"i":[[0,0],[3.516,2.877],[3.162,1.703],[8.427,4.538],[2.65,0.53],[0.709,-0.867],[-5.165,-1.722],[-7.678,-8.865]],"o":[[4.787,0],[-2.291,-1.874],[-8.429,-4.539],[-2.142,-1.153],[-1.047,-0.209],[-8.585,10.494],[10.099,3.367],[0,0]],"v":[[42.577,30.664],[48.987,20.36],[38.564,18.204],[12.625,5.803],[7.773,1.071],[4.598,1.969],[9.989,12.033],[42.577,30.664]],"c":true},"hd":false}},{"ty":"fl","c":{"a":1,"k":[{"t":284,"s":[0.914,0.914,0.91,1],"i":{"x":[0.833],"y":[0.833]},"o":{"x":[0.167],"y":[0.167]},"e":[0.239,0.859,0.522,1]},{"t":300,"s":[0.239,0.859,0.522,1],"i":{"x":[0.833],"y":[0.833]},"o":{"x":[0.167],"y":[0.167]},"e":[0.239,0.859,0.522,1]},{"t":434,"s":[0.239,0.859,0.522,1],"i":{"x":[0.07],"y":[1]},"o":{"x":[0.86],"y":[0]},"e":[1,1,1,1]},{"t":450,"s":[1,1,1,1]}]},"hd":false,"o":{"a":0,"k":100},"r":1},{"ty":"tr","p":{"a":0,"k":[63.886,87.451]},"a":{"a":0,"k":[25.575,15.832]},"s":{"a":0,"k":[-193.418,250.883]},"r":{"a":0,"k":-53.714},"o":{"a":0,"k":100},"sk":{"a":0,"k":-8.516},"sa":{"a":0,"k":0}}],"nm":"bone","ln":"bone","hd":false},{"ty":"gr","it":[{"d":1,"ty":"rc","s":{"a":0,"k":[28,83.836]},"p":{"a":0,"k":[14,41.918]},"r":{"a":0,"k":13}},{"ty":"fl","c":{"a":1,"k":[{"t":284,"s":[0.114,0.106,0.106,1],"i":{"x":[0.833],"y":[0.833]},"o":{"x":[0.167],"y":[0.167]},"e":[0.039,0.039,0.039,1]},{"t":300,"s":[0.039,0.039,0.039,1],"i":{"x":[0.833],"y":[0.833]},"o":{"x":[0.167],"y":[0.167]},"e":[0.039,0.039,0.039,1]},{"t":434,"s":[0.039,0.039,0.039,1],"i":{"x":[0.07],"y":[1]},"o":{"x":[0.86],"y":[0]},"e":[0.114,0.106,0.106,1]},{"t":450,"s":[0.114,0.106,0.106,1]}]},"hd":false,"o":{"a":0,"k":100},"r":1},{"ty":"tr","p":{"a":0,"k":[61.009,49.793]},"a":{"a":0,"k":[13.42,14.217]},"s":{"a":0,"k":[306.185,350.235]},"r":{"a":0,"k":0},"o":{"a":0,"k":100},"sk":{"a":0,"k":0},"sa":{"a":0,"k":0}}],"nm":"handR","ln":"handR","hd":false}],"ln":"handRightFront"},{"ind":10,"nm":"handLeftFront","ks":{"p":{"a":1,"k":[{"t":0,"s":[269.551,336.405,0],"to":[0,0,0],"ti":[0,0,0],"i":{"x":[0.175],"y":[1]},"o":{"x":[0.77],"y":[0]},"e":[312.755,336.405,0]},{"t":60,"s":[312.755,336.405,0]}]},"a":{"a":1,"k":[{"t":0,"s":[72.97,0.174,0],"i":{"x":[0.175],"y":[1]},"o":{"x":[0.77],"y":[0]},"e":[116.174,0.174,0]},{"t":60,"s":[116.174,0.174,0]}]},"s":{"a":0,"k":[100,100,100]},"r":{"a":1,"k":[{"t":0,"s":[0],"i":{"x":[0.175],"y":[1]},"o":{"x":[0.77],"y":[0]},"e":[45]},{"t":60,"s":[45],"i":{"x":[0.175],"y":[1]},"o":{"x":[0.77],"y":[0]},"e":[-45]},{"t":121,"s":[-45],"i":{"x":[0.175],"y":[1]},"o":{"x":[0.77],"y":[0]},"e":[30]},{"t":150,"s":[30],"i":{"x":[0.175],"y":[1]},"o":{"x":[0.77],"y":[0]},"e":[-45]},{"t":180,"s":[-45],"i":{"x":[0.175],"y":[1]},"o":{"x":[0.77],"y":[0]},"e":[30]},{"t":210,"s":[30],"i":{"x":[0.175],"y":[1]},"o":{"x":[0.77],"y":[0]},"e":[-45]},{"t":240,"s":[-45],"i":{"x":[0.175],"y":[1]},"o":{"x":[0.77],"y":[0]},"e":[45]},{"t":255,"s":[45],"i":{"x":[0.175],"y":[1]},"o":{"x":[0.77],"y":[0]},"e":[-52.457]},{"t":270,"s":[-52.457],"i":{"x":[0.175],"y":[1]},"o":{"x":[0.77],"y":[0]},"e":[37.543]},{"t":285,"s":[37.543],"i":{"x":[0.175],"y":[1]},"o":{"x":[0.77],"y":[0]},"e":[-61.531]},{"t":300,"s":[-61.531],"i":{"x":[0.58],"y":[1]},"o":{"x":[0.42],"y":[0]},"e":[58.469]},{"t":315,"s":[58.469],"i":{"x":[0.58],"y":[1]},"o":{"x":[0.42],"y":[0]},"e":[-46.531]},{"t":330,"s":[-46.531],"i":{"x":[0.58],"y":[1]},"o":{"x":[0.42],"y":[0]},"e":[43.469]},{"t":345,"s":[43.469],"i":{"x":[0.58],"y":[1]},"o":{"x":[0.42],"y":[0]},"e":[-56.29]},{"t":360,"s":[-56.29],"i":{"x":[0.07],"y":[1]},"o":{"x":[0.86],"y":[0]},"e":[63.71]},{"t":372.5,"s":[63.71],"i":{"x":[0.58],"y":[1]},"o":{"x":[0.42],"y":[0]},"e":[-56.29]},{"t":384,"s":[-56.29],"i":{"x":[0.58],"y":[1]},"o":{"x":[0.42],"y":[0]},"e":[63.71]},{"t":395,"s":[63.71],"i":{"x":[0.58],"y":[1]},"o":{"x":[0.42],"y":[0]},"e":[-71.29]},{"t":410,"s":[-71.29],"i":{"x":[0.833],"y":[0.833]},"o":{"x":[0.167],"y":[0.167]},"e":[0]},{"t":434,"s":[0]}]},"o":{"a":1,"k":[{"t":138,"s":[0],"i":{"x":[0.07],"y":[1]},"o":{"x":[0.86],"y":[0]},"e":[100]},{"t":180,"s":[100],"i":{"x":[0.07],"y":[1]},"o":{"x":[0.86],"y":[0]},"e":[100]},{"t":210,"s":[100],"i":{"x":[0.07],"y":[1]},"o":{"x":[0.86],"y":[0]},"e":[100]},{"t":255,"s":[100],"i":{"x":[0.07],"y":[1]},"o":{"x":[0.86],"y":[0]},"e":[0]},{"t":261,"s":[0],"i":{"x":[0.07],"y":[1]},"o":{"x":[0.86],"y":[0]},"e":[0]},{"t":285,"s":[0],"i":{"x":[0.07],"y":[1]},"o":{"x":[0.86],"y":[0]},"e":[100]},{"t":292,"s":[100],"i":{"x":[0.07],"y":[1]},"o":{"x":[0.86],"y":[0]},"e":[100]},{"t":330,"s":[100],"i":{"x":[0.07],"y":[1]},"o":{"x":[0.86],"y":[0]},"e":[100]},{"t":341,"s":[100],"i":{"x":[0.07],"y":[1]},"o":{"x":[0.86],"y":[0]},"e":[0]},{"t":356,"s":[0],"i":{"x":[0.07],"y":[1]},"o":{"x":[0.86],"y":[0]},"e":[0]},{"t":366,"s":[0],"i":{"x":[0.07],"y":[1]},"o":{"x":[0.86],"y":[0]},"e":[100]},{"t":373,"s":[100],"i":{"x":[0.07],"y":[1]},"o":{"x":[0.86],"y":[0]},"e":[100]},{"t":384,"s":[100]}]}},"ao":0,"ip":0,"op":452,"st":0,"bm":0,"sr":1,"ty":4,"shapes":[{"ty":"gr","it":[{"ty":"sh","d":1,"ks":{"a":0,"k":{"i":[[0,0],[-0.81,1.504],[1.943,2.375],[2.214,0.511],[4.945,2.662],[4.938,4.04],[2.539,0.508],[0.748,-0.914],[-1.74,-2.126],[-2.516,-1.354],[-9.422,-10.783]],"o":[[2.957,0],[1.164,-2.161],[-1.804,-2.205],[-5.426,-1.252],[-5.594,-3.013],[-1.734,-1.42],[-1.126,-0.225],[-1.475,1.803],[1.883,2.301],[11.565,6.228],[0,0]],"v":[[45.48,34.914],[50.512,32.458],[52.189,24.91],[45.66,24.131],[28.886,15.266],[11.454,5.741],[7.141,1.068],[3.966,2.087],[1.57,10.833],[9.957,12.63],[45.48,34.914]],"c":true},"hd":false}},{"ty":"fl","c":{"a":1,"k":[{"t":284,"s":[0.914,0.914,0.91,1],"i":{"x":[0.833],"y":[0.833]},"o":{"x":[0.167],"y":[0.167]},"e":[0.239,0.859,0.522,1]},{"t":300,"s":[0.239,0.859,0.522,1],"i":{"x":[0.833],"y":[0.833]},"o":{"x":[0.167],"y":[0.167]},"e":[0.239,0.859,0.522,1]},{"t":434,"s":[0.239,0.859,0.522,1],"i":{"x":[0.833],"y":[0.833]},"o":{"x":[0.167],"y":[0.167]},"e":[1,1,1,1]},{"t":450,"s":[1,1,1,1]}]},"hd":false,"o":{"a":0,"k":100},"r":1},{"ty":"tr","p":{"a":0,"k":[70.954,89.863]},"a":{"a":0,"k":[26.956,17.957]},"s":{"a":0,"k":[-202.494,262.654]},"r":{"a":0,"k":126.285},"o":{"a":0,"k":100},"sk":{"a":0,"k":-8.516},"sa":{"a":0,"k":0}}],"nm":"Object","hd":false},{"ty":"gr","it":[{"ty":"sh","d":1,"ks":{"a":0,"k":{"i":[[0,0],[3.516,2.877],[3.162,1.703],[8.427,4.538],[2.65,0.53],[0.709,-0.867],[-5.165,-1.722],[-7.678,-8.865]],"o":[[4.787,0],[-2.291,-1.874],[-8.429,-4.539],[-2.142,-1.153],[-1.047,-0.209],[-8.585,10.494],[10.099,3.367],[0,0]],"v":[[42.577,30.664],[48.987,20.36],[38.564,18.204],[12.625,5.803],[7.773,1.071],[4.598,1.969],[9.989,12.033],[42.577,30.664]],"c":true},"hd":false}},{"ty":"fl","c":{"a":1,"k":[{"t":284,"s":[0.914,0.914,0.91,1],"i":{"x":[0.833],"y":[0.833]},"o":{"x":[0.167],"y":[0.167]},"e":[0.239,0.859,0.522,1]},{"t":300,"s":[0.239,0.859,0.522,1],"i":{"x":[0.833],"y":[0.833]},"o":{"x":[0.167],"y":[0.167]},"e":[0.239,0.859,0.522,1]},{"t":434,"s":[0.239,0.859,0.522,1],"i":{"x":[0.833],"y":[0.833]},"o":{"x":[0.167],"y":[0.167]},"e":[1,1,1,1]},{"t":450,"s":[1,1,1,1]}]},"hd":false,"o":{"a":0,"k":100},"r":1},{"ty":"tr","p":{"a":0,"k":[75.023,205.161]},"a":{"a":0,"k":[25.575,15.832]},"s":{"a":0,"k":[-202.494,262.654]},"r":{"a":0,"k":126.285},"o":{"a":0,"k":100},"sk":{"a":0,"k":-8.516},"sa":{"a":0,"k":0}}],"nm":"Object","hd":false},{"ty":"gr","it":[{"d":1,"ty":"rc","s":{"a":0,"k":[28,83.836]},"p":{"a":0,"k":[14,41.918]},"r":{"a":0,"k":13}},{"ty":"fl","c":{"a":1,"k":[{"t":285,"s":[0.114,0.106,0.106,1],"i":{"x":[0.833],"y":[0.833]},"o":{"x":[0.167],"y":[0.167]},"e":[0.039,0.039,0.039,1]},{"t":300,"s":[0.039,0.039,0.039,1],"i":{"x":[0.833],"y":[0.833]},"o":{"x":[0.167],"y":[0.167]},"e":[0.039,0.039,0.039,1]},{"t":434,"s":[0.039,0.039,0.039,1],"i":{"x":[0.833],"y":[0.833]},"o":{"x":[0.167],"y":[0.167]},"e":[0.114,0.106,0.106,1]},{"t":450,"s":[0.114,0.106,0.106,1]}]},"hd":false,"o":{"a":0,"k":100},"r":1},{"ty":"tr","p":{"a":0,"k":[72.026,52.705]},"a":{"a":0,"k":[13.795,14.994]},"s":{"a":0,"k":[306.187,350.235]},"r":{"a":0,"k":-0.251},"o":{"a":0,"k":100},"sk":{"a":0,"k":0.059},"sa":{"a":0,"k":0}}],"nm":"handL","ln":"handL","hd":false}],"ln":"handLeftFront"},{"ind":9,"nm":"upperBody","ks":{"p":{"a":0,"k":[499.682,538.6]},"a":{"a":0,"k":[179.783,202.194,0]},"s":{"a":0,"k":[100,100,100]},"r":{"a":1,"k":[{"t":0,"s":[0],"i":{"x":[0.175],"y":[1]},"o":{"x":[0.77],"y":[0]},"e":[-3.697]},{"t":60,"s":[-3.697],"i":{"x":[0.175],"y":[1]},"o":{"x":[0.77],"y":[0]},"e":[3.782]},{"t":121,"s":[3.782],"i":{"x":[0.175],"y":[1]},"o":{"x":[0.77],"y":[0]},"e":[-4.453]},{"t":150,"s":[-4.453],"i":{"x":[0.175],"y":[1]},"o":{"x":[0.77],"y":[0]},"e":[2.763]},{"t":180,"s":[2.763],"i":{"x":[0.175],"y":[1]},"o":{"x":[0.77],"y":[0]},"e":[-5.434]},{"t":210,"s":[-5.434],"i":{"x":[0.175],"y":[1]},"o":{"x":[0.77],"y":[0]},"e":[3.472]},{"t":240,"s":[3.472],"i":{"x":[0.175],"y":[1]},"o":{"x":[0.77],"y":[0]},"e":[-4.695]},{"t":255,"s":[-4.695],"i":{"x":[0.175],"y":[1]},"o":{"x":[0.77],"y":[0]},"e":[4.195]},{"t":270,"s":[4.195],"i":{"x":[0.175],"y":[1]},"o":{"x":[0.77],"y":[0]},"e":[-5.06]},{"t":285,"s":[-5.06],"i":{"x":[0.175],"y":[1]},"o":{"x":[0.77],"y":[0]},"e":[3.108]},{"t":300,"s":[3.108],"i":{"x":[0.58],"y":[1]},"o":{"x":[0.42],"y":[0]},"e":[-2.795]},{"t":315,"s":[-2.795],"i":{"x":[0.58],"y":[1]},"o":{"x":[0.42],"y":[0]},"e":[2.616]},{"t":330,"s":[2.616],"i":{"x":[0.58],"y":[1]},"o":{"x":[0.42],"y":[0]},"e":[-5.902]},{"t":345,"s":[-5.902],"i":{"x":[0.58],"y":[1]},"o":{"x":[0.42],"y":[0]},"e":[1.047]},{"t":360,"s":[1.047],"i":{"x":[0.58],"y":[1]},"o":{"x":[0.42],"y":[0]},"e":[-3.801]},{"t":373,"s":[-3.801],"i":{"x":[0.58],"y":[1]},"o":{"x":[0.42],"y":[0]},"e":[1.165]},{"t":384,"s":[1.165],"i":{"x":[0.58],"y":[1]},"o":{"x":[0.42],"y":[0]},"e":[-3.93]},{"t":395,"s":[-3.93],"i":{"x":[0.58],"y":[1]},"o":{"x":[0.42],"y":[0]},"e":[0.614]},{"t":410,"s":[0.614],"i":{"x":[0.833],"y":[0.833]},"o":{"x":[0.167],"y":[0.167]},"e":[0]},{"t":434,"s":[0]}]},"o":{"a":0,"k":100}},"ao":0,"ip":0,"op":452,"st":0,"bm":0,"sr":1,"ty":4,"shapes":[{"ty":"gr","it":[{"ty":"sh","d":1,"ks":{"a":0,"k":{"i":[[0,0],[19.407,1.021],[-16.418,-8.84],[-5.09,1.812],[-3.249,0.171],[-3.764,-1.64],[-3.211,-0.701]],"o":[[35.469,0],[-21.252,-1.119],[5.735,3.088],[2.937,-1.046],[4.213,-0.222],[2.625,1.145],[0,0]],"v":[[51.642,27.416],[33.97,1.058],[6.654,24.181],[22.391,23.709],[31.574,21.425],[43.053,24.37],[51.642,27.416]],"c":true},"hd":false}},{"ty":"sh","d":1,"ks":{"a":0,"k":{"i":[[0,0],[3.915,-0.909],[-0.669,-2.88],[-3.914,0.909],[0.669,2.88]],"o":[[-0.669,-2.88],[-3.914,0.909],[0.669,2.88],[3.914,-0.91],[0,0]],"v":[[22.617,13.453],[14.318,9.884],[8.442,16.746],[16.741,20.315],[22.617,13.453]],"c":true},"hd":false}},{"ty":"sh","d":1,"ks":{"a":0,"k":{"i":[[0,0],[0.861,-2.829],[3.845,1.17],[-0.861,2.829],[-3.845,-1.17]],"o":[[3.844,1.169],[-0.861,2.829],[-3.844,-1.17],[0.86,-2.829],[0,0]],"v":[[53.201,10.83],[58.603,18.07],[50.083,21.074],[44.681,13.834],[53.201,10.83]],"c":true},"hd":false}},{"ty":"fl","c":{"a":1,"k":[{"t":284,"s":[0.914,0.914,0.91,1],"i":{"x":[0.833],"y":[0.833]},"o":{"x":[0.167],"y":[0.167]},"e":[0.239,0.859,0.522,1]},{"t":300,"s":[0.239,0.859,0.522,1],"i":{"x":[0.833],"y":[0.833]},"o":{"x":[0.167],"y":[0.167]},"e":[0.239,0.859,0.522,1]},{"t":434,"s":[0.239,0.859,0.522,1],"i":{"x":[0.833],"y":[0.833]},"o":{"x":[0.167],"y":[0.167]},"e":[1,1,1,1]},{"t":450,"s":[1,1,1,1]}]},"hd":false,"o":{"a":0,"k":100},"r":2},{"ty":"tr","p":{"a":0,"k":[182.994,327.528]},"a":{"a":0,"k":[34.086,14.208]},"s":{"a":0,"k":[-326.32,326.32]},"r":{"a":0,"k":180},"o":{"a":0,"k":100},"sk":{"a":0,"k":0},"sa":{"a":0,"k":0}}],"nm":"Object","hd":false},{"ty":"gr","it":[{"ty":"sh","d":1,"ks":{"a":0,"k":{"i":[[0,0],[-18.282,0],[-3.92,-1.307],[-3.231,0.746],[-0.178,0.444],[11.459,-7.995],[-3.151,1.35],[-12.037,-3.425],[12.478,-2.83],[-7.908,-2.134],[7.831,-5.274],[-7.302,0],[9.395,-6.447],[-8.598,-1.917],[-0.67,0.37],[9.6,-1.7],[5.56,-1.027],[0,-1.57],[3.615,-10.536],[0,-15.584],[3.425,-10.059],[0,-13.496],[4.506,0.237],[1.664,-7.522],[0,-17.437],[3.547,0.626],[2.868,-10.256],[-3.686,0.921],[0,-10.304],[5.005,-17.093],[-9.78,-5.266],[-3.848,-2.691]],"o":[[14.798,0],[4.094,0],[3.111,1.037],[0.445,-0.102],[3.52,-8.799],[0,-4.775],[11.719,-5.022],[0,-13.187],[0,-16.937],[0,-11.102],[0,-16.704],[-3.979,-9.155],[0,-14.968],[0,-0.441],[-3.908,-9.014],[-2.066,-5.33],[0,1.156],[-9.015,-3.006],[8.644,0],[-7.685,-7.927],[8.035,-3.419],[-5.16,-1.29],[-5.41,-0.285],[7.971,0],[-4.337,-1.304],[-7.159,-1.263],[4.969,0],[6.204,-1.551],[-11.014,-3.733],[10.971,-4.886],[6.019,3.241],[0,0]],"v":[[41.735,75.837],[65.397,63.856],[77.258,65.174],[89.239,70.086],[90.257,69.308],[51.919,60.262],[56.651,52.714],[87.861,57.267],[53.117,46.484],[84.866,44.088],[53.716,33.305],[82.47,29.711],[54.315,20.126],[78.276,16.532],[78.875,15.933],[55.513,5.749],[44.131,1.556],[43.532,5.15],[18.372,12.938],[42.933,19.527],[14.179,26.117],[41.735,32.107],[28.256,28.513],[9.387,39.296],[41.136,45.885],[30.413,41.931],[5.193,51.876],[18.312,48.521],[40.537,59.064],[1,65.054],[34.367,64.336],[41.735,75.837]],"c":true},"hd":false}},{"ty":"fl","c":{"a":1,"k":[{"t":284,"s":[0.914,0.914,0.91,1],"i":{"x":[0.833],"y":[0.833]},"o":{"x":[0.167],"y":[0.167]},"e":[0.239,0.859,0.522,1]},{"t":300,"s":[0.239,0.859,0.522,1],"i":{"x":[0.833],"y":[0.833]},"o":{"x":[0.167],"y":[0.167]},"e":[0.239,0.859,0.522,1]},{"t":434,"s":[0.239,0.859,0.522,1],"i":{"x":[0.833],"y":[0.833]},"o":{"x":[0.167],"y":[0.167]},"e":[1,1,1,1]},{"t":450,"s":[1,1,1,1]}]},"hd":false,"o":{"a":0,"k":100},"r":1},{"ty":"tr","p":{"a":0,"k":[175.018,163.594]},"a":{"a":0,"k":[45.77,38.419]},"s":{"a":0,"k":[-274.027,305.518]},"r":{"a":0,"k":-176.545},"o":{"a":0,"k":100},"sk":{"a":0,"k":-0.813},"sa":{"a":0,"k":0}}],"nm":"Object","hd":false},{"ty":"gr","it":[{"ty":"sh","d":1,"ks":{"a":0,"k":{"i":[[0,0],[0.886,11.515],[1.798,0],[10.961,-0.577],[12.404,2.189],[2.99,-2.447],[-4.192,-0.599]],"o":[[14.306,0],[-0.158,-2.051],[-6.196,0],[-12.612,0.664],[-3.548,-0.626],[-5.654,4.626],[0,0]],"v":[[14.847,12.981],[100.75,3.815],[96.616,1],[57.08,7.589],[18.561,5.373],[2.327,3.756],[14.847,12.981]],"c":true},"hd":false}},{"ty":"fl","c":{"a":1,"k":[{"t":284,"s":[0.914,0.914,0.91,1],"i":{"x":[0.833],"y":[0.833]},"o":{"x":[0.167],"y":[0.167]},"e":[0.239,0.859,0.522,1]},{"t":300,"s":[0.239,0.859,0.522,1],"i":{"x":[0.833],"y":[0.833]},"o":{"x":[0.167],"y":[0.167]},"e":[0.239,0.859,0.522,1]},{"t":434,"s":[0.239,0.859,0.522,1],"i":{"x":[0.833],"y":[0.833]},"o":{"x":[0.167],"y":[0.167]},"e":[1,1,1,1]},{"t":450,"s":[1,1,1,1]}]},"hd":false,"o":{"a":0,"k":100},"r":1},{"ty":"tr","p":{"a":0,"k":[179.782,43.519]},"a":{"a":0,"k":[50.879,7.089]},"s":{"a":0,"k":[-298.03,340.906]},"r":{"a":0,"k":180},"o":{"a":0,"k":100},"sk":{"a":0,"k":0},"sa":{"a":0,"k":0}}],"nm":"Object","hd":false},{"ty":"gr","it":[{"ty":"sh","d":1,"ks":{"a":0,"k":{"i":[[0,0],[0,0],[3.315,0],[0,0],[0,3.315],[0,0],[0,0]],"o":[[0,0],[0,3.315],[0,0],[-3.313,0],[0,0],[0,0],[0,0]],"v":[[112.353,3.247],[112.353,112.709],[106.353,118.709],[0.919,118.709],[-5.081,112.709],[-5.081,3.247],[112.353,3.247]],"c":true},"hd":false}},{"ty":"fl","c":{"a":1,"k":[{"t":284,"s":[0.114,0.106,0.106,1],"i":{"x":[0.833],"y":[0.833]},"o":{"x":[0.167],"y":[0.167]},"e":[0.039,0.039,0.039,1]},{"t":300,"s":[0.039,0.039,0.039,1],"i":{"x":[0.833],"y":[0.833]},"o":{"x":[0.167],"y":[0.167]},"e":[0.039,0.039,0.039,1]},{"t":434,"s":[0.039,0.039,0.039,1],"i":{"x":[0.833],"y":[0.833]},"o":{"x":[0.167],"y":[0.167]},"e":[0.114,0.106,0.106,1]},{"t":450,"s":[0.114,0.106,0.106,1]}]},"hd":false,"o":{"a":0,"k":100},"r":1},{"ty":"tr","p":{"a":0,"k":[195.339,201.329]},"a":{"a":0,"k":[58.717,60.731]},"s":{"a":0,"k":[306.186,350.235]},"r":{"a":0,"k":0},"o":{"a":0,"k":100},"sk":{"a":0,"k":0},"sa":{"a":0,"k":0}}],"nm":"Object","hd":false}],"ln":"upperBody"},{"ind":8,"nm":"handLeftBack","ks":{"p":{"a":1,"k":[{"t":0,"s":[269.551,336.405,0],"to":[0,0,0],"ti":[0,0,0],"i":{"x":[0.175],"y":[1]},"o":{"x":[0.77],"y":[0]},"e":[312.755,336.405,0]},{"t":60,"s":[312.755,336.405,0]}]},"a":{"a":1,"k":[{"t":0,"s":[72.97,0.174,0],"i":{"x":[0.175],"y":[1]},"o":{"x":[0.77],"y":[0]},"e":[116.174,0.174,0]},{"t":60,"s":[116.174,0.174,0]}]},"s":{"a":0,"k":[100,100,100]},"r":{"a":1,"k":[{"t":0,"s":[0],"i":{"x":[0.175],"y":[1]},"o":{"x":[0.77],"y":[0]},"e":[45]},{"t":60,"s":[45],"i":{"x":[0.175],"y":[1]},"o":{"x":[0.77],"y":[0]},"e":[-45]},{"t":121,"s":[-45],"i":{"x":[0.175],"y":[1]},"o":{"x":[0.77],"y":[0]},"e":[30]},{"t":150,"s":[30],"i":{"x":[0.175],"y":[1]},"o":{"x":[0.77],"y":[0]},"e":[-45]},{"t":180,"s":[-45],"i":{"x":[0.175],"y":[1]},"o":{"x":[0.77],"y":[0]},"e":[30]},{"t":210,"s":[30],"i":{"x":[0.175],"y":[1]},"o":{"x":[0.77],"y":[0]},"e":[-45]},{"t":240,"s":[-45],"i":{"x":[0.175],"y":[1]},"o":{"x":[0.77],"y":[0]},"e":[45]},{"t":255,"s":[45],"i":{"x":[0.175],"y":[1]},"o":{"x":[0.77],"y":[0]},"e":[-52.457]},{"t":270,"s":[-52.457],"i":{"x":[0.175],"y":[1]},"o":{"x":[0.77],"y":[0]},"e":[37.543]},{"t":285,"s":[37.543],"i":{"x":[0.175],"y":[1]},"o":{"x":[0.77],"y":[0]},"e":[-61.531]},{"t":300,"s":[-61.531],"i":{"x":[0.58],"y":[1]},"o":{"x":[0.42],"y":[0]},"e":[58.469]},{"t":315,"s":[58.469],"i":{"x":[0.58],"y":[1]},"o":{"x":[0.42],"y":[0]},"e":[-46.531]},{"t":330,"s":[-46.531],"i":{"x":[0.58],"y":[1]},"o":{"x":[0.42],"y":[0]},"e":[43.469]},{"t":345,"s":[43.469],"i":{"x":[0.58],"y":[1]},"o":{"x":[0.42],"y":[0]},"e":[-56.29]},{"t":360,"s":[-56.29],"i":{"x":[0.07],"y":[1]},"o":{"x":[0.86],"y":[0]},"e":[63.71]},{"t":373,"s":[63.71],"i":{"x":[0.58],"y":[1]},"o":{"x":[0.42],"y":[0]},"e":[-56.29]},{"t":384,"s":[-56.29],"i":{"x":[0.58],"y":[1]},"o":{"x":[0.42],"y":[0]},"e":[63.71]},{"t":395,"s":[63.71],"i":{"x":[0.58],"y":[1]},"o":{"x":[0.42],"y":[0]},"e":[-71.29]},{"t":410,"s":[-71.29],"i":{"x":[0.833],"y":[0.833]},"o":{"x":[0.167],"y":[0.167]},"e":[0]},{"t":434,"s":[0]}]},"o":{"a":1,"k":[{"t":150,"s":[100],"i":{"x":[0.07],"y":[1]},"o":{"x":[0.86],"y":[0]},"e":[0]},{"t":180,"s":[0],"i":{"x":[0.07],"y":[1]},"o":{"x":[0.86],"y":[0]},"e":[0]},{"t":210,"s":[0],"i":{"x":[0.07],"y":[1]},"o":{"x":[0.86],"y":[0]},"e":[0]},{"t":240,"s":[0],"i":{"x":[0.07],"y":[1]},"o":{"x":[0.86],"y":[0]},"e":[100]},{"t":262,"s":[100],"i":{"x":[0.07],"y":[1]},"o":{"x":[0.86],"y":[0]},"e":[100]},{"t":285,"s":[100],"i":{"x":[0.07],"y":[1]},"o":{"x":[0.86],"y":[0]},"e":[100]},{"t":300,"s":[100],"i":{"x":[0.07],"y":[1]},"o":{"x":[0.86],"y":[0]},"e":[100]},{"t":330,"s":[100],"i":{"x":[0.07],"y":[1]},"o":{"x":[0.86],"y":[0]},"e":[100]},{"t":351,"s":[100],"i":{"x":[0.07],"y":[1]},"o":{"x":[0.86],"y":[0]},"e":[100]},{"t":370,"s":[100],"i":{"x":[0.07],"y":[1]},"o":{"x":[0.86],"y":[0]},"e":[0]},{"t":373,"s":[0],"i":{"x":[0.07],"y":[1]},"o":{"x":[0.86],"y":[0]},"e":[0]},{"t":384,"s":[0]}]}},"ao":0,"ip":0,"op":452,"st":0,"bm":0,"sr":1,"ty":4,"shapes":[{"ty":"gr","it":[{"ty":"sh","d":1,"ks":{"a":0,"k":{"i":[[0,0],[-0.81,1.504],[1.943,2.375],[2.214,0.511],[4.945,2.662],[4.938,4.04],[2.539,0.508],[0.748,-0.914],[-1.74,-2.126],[-2.516,-1.354],[-9.422,-10.783]],"o":[[2.957,0],[1.164,-2.161],[-1.804,-2.205],[-5.426,-1.252],[-5.594,-3.013],[-1.734,-1.42],[-1.126,-0.225],[-1.475,1.803],[1.883,2.301],[11.565,6.228],[0,0]],"v":[[45.48,34.914],[50.512,32.458],[52.189,24.91],[45.66,24.131],[28.886,15.266],[11.454,5.741],[7.141,1.068],[3.966,2.087],[1.57,10.833],[9.957,12.63],[45.48,34.914]],"c":true},"hd":false}},{"ty":"fl","c":{"a":1,"k":[{"t":285,"s":[0.914,0.914,0.91,1],"i":{"x":[0.833],"y":[0.833]},"o":{"x":[0.167],"y":[0.167]},"e":[0.239,0.859,0.522,1]},{"t":300,"s":[0.239,0.859,0.522,1]}]},"hd":false,"o":{"a":0,"k":100},"r":1},{"ty":"tr","p":{"a":0,"k":[70.954,89.863]},"a":{"a":0,"k":[26.956,17.957]},"s":{"a":0,"k":[-202.494,262.654]},"r":{"a":0,"k":126.285},"o":{"a":0,"k":100},"sk":{"a":0,"k":-8.516},"sa":{"a":0,"k":0}}],"nm":"Object","hd":false},{"ty":"gr","it":[{"ty":"sh","d":1,"ks":{"a":0,"k":{"i":[[0,0],[3.516,2.877],[3.162,1.703],[8.427,4.538],[2.65,0.53],[0.709,-0.867],[-5.165,-1.722],[-7.678,-8.865]],"o":[[4.787,0],[-2.291,-1.874],[-8.429,-4.539],[-2.142,-1.153],[-1.047,-0.209],[-8.585,10.494],[10.099,3.367],[0,0]],"v":[[42.577,30.664],[48.987,20.36],[38.564,18.204],[12.625,5.803],[7.773,1.071],[4.598,1.969],[9.989,12.033],[42.577,30.664]],"c":true},"hd":false}},{"ty":"fl","c":{"a":1,"k":[{"t":285,"s":[0.914,0.914,0.91,1],"i":{"x":[0.833],"y":[0.833]},"o":{"x":[0.167],"y":[0.167]},"e":[0.239,0.859,0.522,1]},{"t":300,"s":[0.239,0.859,0.522,1]}]},"hd":false,"o":{"a":0,"k":100},"r":1},{"ty":"tr","p":{"a":0,"k":[75.023,205.161]},"a":{"a":0,"k":[25.575,15.832]},"s":{"a":0,"k":[-202.494,262.654]},"r":{"a":0,"k":126.285},"o":{"a":0,"k":100},"sk":{"a":0,"k":-8.516},"sa":{"a":0,"k":0}}],"nm":"Object","hd":false},{"ty":"gr","it":[{"d":1,"ty":"rc","s":{"a":0,"k":[28,83.836]},"p":{"a":0,"k":[14,41.918]},"r":{"a":0,"k":13}},{"ty":"fl","c":{"a":1,"k":[{"t":285,"s":[0.114,0.106,0.106,1],"i":{"x":[0.833],"y":[0.833]},"o":{"x":[0.167],"y":[0.167]},"e":[0.039,0.039,0.039,1]},{"t":300,"s":[0.039,0.039,0.039,1]}]},"hd":false,"o":{"a":0,"k":100},"r":1},{"ty":"tr","p":{"a":0,"k":[72.026,52.705]},"a":{"a":0,"k":[13.795,14.994]},"s":{"a":0,"k":[306.187,350.235]},"r":{"a":0,"k":-0.251},"o":{"a":0,"k":100},"sk":{"a":0,"k":0.059},"sa":{"a":0,"k":0}}],"nm":"handL-2","ln":"handL-2","hd":false}],"ln":"handLeftBack"},{"ind":7,"nm":"handRightBack","ks":{"p":{"a":0,"k":[728.248,334.394]},"a":{"a":0,"k":[62.785,0,0]},"s":{"a":0,"k":[100,100,100]},"r":{"a":1,"k":[{"t":0,"s":[0],"i":{"x":[0.175],"y":[1]},"o":{"x":[0.77],"y":[0]},"e":[60]},{"t":60,"s":[60],"i":{"x":[0.175],"y":[1]},"o":{"x":[0.77],"y":[0]},"e":[-45]},{"t":121,"s":[-45],"i":{"x":[0.175],"y":[1]},"o":{"x":[0.77],"y":[0]},"e":[45]},{"t":150,"s":[45],"i":{"x":[0.175],"y":[1]},"o":{"x":[0.77],"y":[0]},"e":[-45]},{"t":180,"s":[-45],"i":{"x":[0.175],"y":[1]},"o":{"x":[0.77],"y":[0]},"e":[45]},{"t":210,"s":[45],"i":{"x":[0.175],"y":[1]},"o":{"x":[0.77],"y":[0]},"e":[-45]},{"t":240,"s":[-45],"i":{"x":[0.175],"y":[1]},"o":{"x":[0.77],"y":[0]},"e":[45]},{"t":255,"s":[45],"i":{"x":[0.175],"y":[1]},"o":{"x":[0.77],"y":[0]},"e":[-53.998]},{"t":270,"s":[-53.998],"i":{"x":[0.175],"y":[1]},"o":{"x":[0.77],"y":[0]},"e":[51.002]},{"t":285,"s":[51.002],"i":{"x":[0.175],"y":[1]},"o":{"x":[0.77],"y":[0]},"e":[-54.614]},{"t":300,"s":[-54.614],"i":{"x":[0.58],"y":[1]},"o":{"x":[0.42],"y":[0]},"e":[65.386]},{"t":315,"s":[65.386],"i":{"x":[0.58],"y":[1]},"o":{"x":[0.42],"y":[0]},"e":[-54.614]},{"t":330,"s":[-54.614],"i":{"x":[0.58],"y":[1]},"o":{"x":[0.42],"y":[0]},"e":[50.386]},{"t":345,"s":[50.386],"i":{"x":[0.58],"y":[1]},"o":{"x":[0.42],"y":[0]},"e":[-57.572]},{"t":360,"s":[-57.572],"i":{"x":[0.58],"y":[1]},"o":{"x":[0.42],"y":[0]},"e":[62.428]},{"t":373,"s":[62.428],"i":{"x":[0.58],"y":[1]},"o":{"x":[0.42],"y":[0]},"e":[-57.572]},{"t":384,"s":[-57.572],"i":{"x":[0.58],"y":[1]},"o":{"x":[0.42],"y":[0]},"e":[62.428]},{"t":395,"s":[62.428],"i":{"x":[0.58],"y":[1]},"o":{"x":[0.42],"y":[0]},"e":[-57.572]},{"t":410,"s":[-57.572],"i":{"x":[0.833],"y":[0.833]},"o":{"x":[0.167],"y":[0.167]},"e":[0]},{"t":434,"s":[0]}]},"o":{"a":1,"k":[{"t":120,"s":[0],"i":{"x":[0.07],"y":[1]},"o":{"x":[0.86],"y":[0]},"e":[100]},{"t":180,"s":[100],"i":{"x":[0.833],"y":[0.833]},"o":{"x":[0.167],"y":[0.167]},"e":[100]},{"t":231,"s":[100],"i":{"x":[0.07],"y":[1]},"o":{"x":[0.86],"y":[0]},"e":[0]},{"t":240,"s":[0],"i":{"x":[0.833],"y":[0.833]},"o":{"x":[0.167],"y":[0.167]},"e":[0]},{"t":255,"s":[0],"i":{"x":[0.833],"y":[0.833]},"o":{"x":[0.167],"y":[0.167]},"e":[0]},{"t":285,"s":[0],"i":{"x":[0.833],"y":[0.833]},"o":{"x":[0.167],"y":[0.167]},"e":[0]},{"t":294,"s":[0],"i":{"x":[0.07],"y":[1]},"o":{"x":[0.86],"y":[0]},"e":[100]},{"t":311,"s":[100],"i":{"x":[0.833],"y":[0.833]},"o":{"x":[0.167],"y":[0.167]},"e":[100]},{"t":330,"s":[100],"i":{"x":[0.07],"y":[1]},"o":{"x":[0.86],"y":[0]},"e":[0]},{"t":345,"s":[0],"i":{"x":[0.07],"y":[1]},"o":{"x":[0.86],"y":[0]},"e":[100]},{"t":373,"s":[100]}]}},"ao":0,"ip":0,"op":452,"st":0,"bm":0,"sr":1,"ty":4,"shapes":[{"ty":"gr","it":[{"ty":"sh","d":1,"ks":{"a":0,"k":{"i":[[0,0],[-0.81,1.504],[1.943,2.375],[2.214,0.511],[4.945,2.662],[4.938,4.04],[2.539,0.508],[0.748,-0.914],[-1.74,-2.126],[-2.516,-1.354],[-9.422,-10.783]],"o":[[2.957,0],[1.164,-2.161],[-1.804,-2.205],[-5.426,-1.252],[-5.594,-3.013],[-1.734,-1.42],[-1.126,-0.225],[-1.475,1.803],[1.883,2.301],[11.565,6.228],[0,0]],"v":[[45.48,34.914],[50.512,32.458],[52.189,24.91],[45.66,24.131],[28.886,15.266],[11.454,5.741],[7.141,1.068],[3.966,2.087],[1.57,10.833],[9.957,12.63],[45.48,34.914]],"c":true},"hd":false}},{"ty":"fl","c":{"a":1,"k":[{"t":285,"s":[0.914,0.914,0.91,1],"i":{"x":[0.833],"y":[0.833]},"o":{"x":[0.167],"y":[0.167]},"e":[0.239,0.859,0.522,1]},{"t":300,"s":[0.239,0.859,0.522,1],"i":{"x":[0.833],"y":[0.833]},"o":{"x":[0.167],"y":[0.167]},"e":[0.239,0.859,0.522,1]},{"t":434,"s":[0.239,0.859,0.522,1],"i":{"x":[0.833],"y":[0.833]},"o":{"x":[0.167],"y":[0.167]},"e":[1,1,1,1]},{"t":450,"s":[1,1,1,1]}]},"hd":false,"o":{"a":0,"k":100},"r":1},{"ty":"tr","p":{"a":0,"k":[67.774,197.583]},"a":{"a":0,"k":[26.956,17.957]},"s":{"a":0,"k":[-193.418,250.883]},"r":{"a":0,"k":-53.714},"o":{"a":0,"k":100},"sk":{"a":0,"k":-8.516},"sa":{"a":0,"k":0}}],"nm":"Object","hd":false},{"ty":"gr","it":[{"ty":"sh","d":1,"ks":{"a":0,"k":{"i":[[0,0],[3.516,2.877],[3.162,1.703],[8.427,4.538],[2.65,0.53],[0.709,-0.867],[-5.165,-1.722],[-7.678,-8.865]],"o":[[4.787,0],[-2.291,-1.874],[-8.429,-4.539],[-2.142,-1.153],[-1.047,-0.209],[-8.585,10.494],[10.099,3.367],[0,0]],"v":[[42.577,30.664],[48.987,20.36],[38.564,18.204],[12.625,5.803],[7.773,1.071],[4.598,1.969],[9.989,12.033],[42.577,30.664]],"c":true},"hd":false}},{"ty":"fl","c":{"a":1,"k":[{"t":285,"s":[0.914,0.914,0.91,1],"i":{"x":[0.833],"y":[0.833]},"o":{"x":[0.167],"y":[0.167]},"e":[0.239,0.859,0.522,1]},{"t":300,"s":[0.239,0.859,0.522,1],"i":{"x":[0.833],"y":[0.833]},"o":{"x":[0.167],"y":[0.167]},"e":[0.239,0.859,0.522,1]},{"t":434,"s":[0.239,0.859,0.522,1],"i":{"x":[0.833],"y":[0.833]},"o":{"x":[0.167],"y":[0.167]},"e":[1,1,1,1]},{"t":450,"s":[1,1,1,1]}]},"hd":false,"o":{"a":0,"k":100},"r":1},{"ty":"tr","p":{"a":0,"k":[63.886,87.451]},"a":{"a":0,"k":[25.575,15.832]},"s":{"a":0,"k":[-193.418,250.883]},"r":{"a":0,"k":-53.714},"o":{"a":0,"k":100},"sk":{"a":0,"k":-8.516},"sa":{"a":0,"k":0}}],"nm":"Object","hd":false},{"ty":"gr","it":[{"d":1,"ty":"rc","s":{"a":0,"k":[28,83.836]},"p":{"a":0,"k":[14,41.918]},"r":{"a":0,"k":13}},{"ty":"fl","c":{"a":1,"k":[{"t":285,"s":[0.114,0.106,0.106,1],"i":{"x":[0.833],"y":[0.833]},"o":{"x":[0.167],"y":[0.167]},"e":[0.039,0.039,0.039,1]},{"t":300,"s":[0.039,0.039,0.039,1]}]},"hd":false,"o":{"a":0,"k":100},"r":1},{"ty":"tr","p":{"a":0,"k":[61.009,49.793]},"a":{"a":0,"k":[13.42,14.217]},"s":{"a":0,"k":[306.185,350.235]},"r":{"a":0,"k":0},"o":{"a":0,"k":100},"sk":{"a":0,"k":0},"sa":{"a":0,"k":0}}],"nm":"handR-2","ln":"handR-2","hd":false}],"ln":"handRightBack"},{"ind":6,"nm":"legRight","ks":{"p":{"a":0,"k":[592.945,813.936]},"a":{"a":0,"k":[46.212,142.002,0]},"s":{"a":0,"k":[100,100,100]},"r":{"a":1,"k":[{"t":0,"s":[0],"i":{"x":[0.175],"y":[1]},"o":{"x":[0.77],"y":[0]},"e":[-1.183]},{"t":60,"s":[-1.183],"i":{"x":[0.175],"y":[1]},"o":{"x":[0.77],"y":[0]},"e":[-9.651]},{"t":120,"s":[-9.651],"i":{"x":[0.175],"y":[1]},"o":{"x":[0.77],"y":[0]},"e":[3.272]},{"t":150,"s":[3.272],"i":{"x":[0.175],"y":[1]},"o":{"x":[0.77],"y":[0]},"e":[-5.838]},{"t":180,"s":[-5.838],"i":{"x":[0.175],"y":[1]},"o":{"x":[0.77],"y":[0]},"e":[9.162]},{"t":210,"s":[9.162],"i":{"x":[0.175],"y":[1]},"o":{"x":[0.77],"y":[0]},"e":[-6.175]},{"t":240,"s":[-6.175],"i":{"x":[0.175],"y":[1]},"o":{"x":[0.77],"y":[0]},"e":[3.932]},{"t":255,"s":[3.932],"i":{"x":[0.175],"y":[1]},"o":{"x":[0.77],"y":[0]},"e":[-4.828]},{"t":270,"s":[-4.828],"i":{"x":[0.175],"y":[1]},"o":{"x":[0.77],"y":[0]},"e":[10.172]},{"t":285,"s":[10.172],"i":{"x":[0.175],"y":[1]},"o":{"x":[0.77],"y":[0]},"e":[-4.828]},{"t":300,"s":[-4.828],"i":{"x":[0.58],"y":[1]},"o":{"x":[0.42],"y":[0]},"e":[9.05]},{"t":315,"s":[9.05],"i":{"x":[0.58],"y":[1]},"o":{"x":[0.42],"y":[0]},"e":[-5.95]},{"t":330,"s":[-5.95],"i":{"x":[0.58],"y":[1]},"o":{"x":[0.42],"y":[0]},"e":[11.746]},{"t":345,"s":[11.746],"i":{"x":[0.58],"y":[1]},"o":{"x":[0.42],"y":[0]},"e":[-5.599]},{"t":360,"s":[-5.599],"i":{"x":[0.58],"y":[1]},"o":{"x":[0.42],"y":[0]},"e":[4.904]},{"t":373,"s":[4.904],"i":{"x":[0.58],"y":[1]},"o":{"x":[0.42],"y":[0]},"e":[-9.892]},{"t":383.9,"s":[-9.892],"i":{"x":[0.58],"y":[1]},"o":{"x":[0.42],"y":[0]},"e":[10.395]},{"t":395,"s":[10.395],"i":{"x":[0.58],"y":[1]},"o":{"x":[0.42],"y":[0]},"e":[-9.781]},{"t":410,"s":[-9.781],"i":{"x":[0.833],"y":[0.833]},"o":{"x":[0.167],"y":[0.167]},"e":[0]},{"t":434,"s":[0]}]},"o":{"a":0,"k":100}},"ao":0,"ip":0,"op":452,"st":0,"bm":0,"sr":1,"ty":4,"shapes":[{"ty":"gr","it":[{"ty":"sh","d":1,"ks":{"a":0,"k":{"i":[[0,0],[1.451,8.224],[-1.85,5.55],[5.813,1.938],[0,-2.712],[2.234,-2.234],[-4.219,-2.919]],"o":[[16.12,0],[-1.007,-5.707],[0.844,-2.531],[-18.026,-6.008],[0,4.438],[-1.935,1.935],[0,0]],"v":[[3.625,50.59],[12.73,40.586],[14.647,12.192],[15.486,2.487],[6.62,13.15],[3.026,41.904],[3.625,50.59]],"c":true},"hd":false}},{"ty":"fl","c":{"a":1,"k":[{"t":285,"s":[0.914,0.914,0.91,1],"i":{"x":[0.833],"y":[0.833]},"o":{"x":[0.167],"y":[0.167]},"e":[0.239,0.859,0.522,1]},{"t":300,"s":[0.239,0.859,0.522,1],"i":{"x":[0.833],"y":[0.833]},"o":{"x":[0.167],"y":[0.167]},"e":[0.239,0.859,0.522,1]},{"t":434,"s":[0.239,0.859,0.522,1],"i":{"x":[0.833],"y":[0.833]},"o":{"x":[0.167],"y":[0.167]},"e":[1,1,1,1]},{"t":450,"s":[1,1,1,1]}]},"hd":false,"o":{"a":0,"k":100},"r":1},{"ty":"tr","p":{"a":0,"k":[46.372,117.031]},"a":{"a":0,"k":[9.52,25.795]},"s":{"a":0,"k":[-148.961,148.961]},"r":{"a":0,"k":180},"o":{"a":0,"k":100},"sk":{"a":0,"k":0},"sa":{"a":0,"k":0}}],"nm":"Object","hd":false},{"ty":"gr","it":[{"ty":"sh","d":1,"ks":{"a":0,"k":{"i":[[0,0],[0.29,5.507],[0,4.754],[-1.646,4.938],[11.636,0.776],[1.824,-0.421],[-0.919,-2.756],[0.951,-5.391],[-17.188,-3.564]],"o":[[7.846,-3.323],[-0.247,-4.707],[0,-5.251],[1.449,-4.346],[-1.768,-0.118],[-4.441,1.024],[1.504,4.511],[-1.021,5.783],[0,0]],"v":[[10.471,56.317],[13.466,44.636],[14.065,30.259],[15.623,12.048],[13.167,2.044],[8.135,1.086],[6.517,9.652],[5.559,43.917],[10.471,56.317]],"c":true},"hd":false}},{"ty":"fl","c":{"a":1,"k":[{"t":285,"s":[0.914,0.914,0.91,1],"i":{"x":[0.833],"y":[0.833]},"o":{"x":[0.167],"y":[0.167]},"e":[0.239,0.859,0.522,1]},{"t":300,"s":[0.239,0.859,0.522,1],"i":{"x":[0.833],"y":[0.833]},"o":{"x":[0.167],"y":[0.167]},"e":[0.239,0.859,0.522,1]},{"t":434,"s":[0.239,0.859,0.522,1],"i":{"x":[0.833],"y":[0.833]},"o":{"x":[0.167],"y":[0.167]},"e":[1,1,1,1]},{"t":450,"s":[1,1,1,1]}]},"hd":false,"o":{"a":0,"k":100},"r":1},{"ty":"tr","p":{"a":0,"k":[53.308,208.746]},"a":{"a":0,"k":[10.24,28.659]},"s":{"a":0,"k":[-148.961,148.961]},"r":{"a":0,"k":180},"o":{"a":0,"k":100},"sk":{"a":0,"k":0},"sa":{"a":0,"k":0}}],"nm":"Object","hd":false},{"ty":"gr","it":[{"d":1,"ty":"rc","s":{"a":0,"k":[26.377,52.469]},"p":{"a":0,"k":[13.189,26.234]},"r":{"a":0,"k":12}},{"ty":"fl","c":{"a":1,"k":[{"t":285,"s":[0.114,0.106,0.106,1],"i":{"x":[0.833],"y":[0.833]},"o":{"x":[0.167],"y":[0.167]},"e":[0.039,0.039,0.039,1]},{"t":300,"s":[0.039,0.039,0.039,1],"i":{"x":[0.833],"y":[0.833]},"o":{"x":[0.167],"y":[0.167]},"e":[0.039,0.039,0.039,1]},{"t":434,"s":[0.039,0.039,0.039,1],"i":{"x":[0.833],"y":[0.833]},"o":{"x":[0.167],"y":[0.167]},"e":[0.114,0.106,0.106,1]},{"t":450,"s":[0.114,0.106,0.106,1]}]},"hd":false,"o":{"a":0,"k":100},"r":1},{"ty":"tr","p":{"a":0,"k":[46.212,112.231]},"a":{"a":0,"k":[13.189,20.734]},"s":{"a":0,"k":[350.394,541.286]},"r":{"a":0,"k":0},"o":{"a":0,"k":100},"sk":{"a":0,"k":0},"sa":{"a":0,"k":0}}],"nm":"Object","hd":false}],"ln":"legRight"},{"ind":5,"nm":"legLeft","ks":{"p":{"a":1,"k":[{"t":0,"s":[408.587,813.936,0],"to":[0,0,0],"ti":[0,0,0],"i":{"x":[0.175],"y":[1]},"o":{"x":[0.77],"y":[0]},"e":[425.621,813.936,0]},{"t":60,"s":[425.621,813.936,0],"to":[0,0,0],"ti":[0,0,0],"i":{"x":[0.833],"y":[0.833]},"o":{"x":[0.167],"y":[0.167]},"e":[408.59,813.936,0]},{"t":434,"s":[408.59,813.936,0]}]},"a":{"a":0,"k":[46.212,142.002,0]},"s":{"a":0,"k":[100,100,100]},"r":{"a":1,"k":[{"t":0,"s":[0],"i":{"x":[0.175],"y":[1]},"o":{"x":[0.77],"y":[0]},"e":[3.82]},{"t":60,"s":[3.82],"i":{"x":[0.175],"y":[1]},"o":{"x":[0.77],"y":[0]},"e":[-3.038]},{"t":120,"s":[-3.038],"i":{"x":[0.175],"y":[1]},"o":{"x":[0.77],"y":[0]},"e":[1.634]},{"t":150,"s":[1.634],"i":{"x":[0.175],"y":[1]},"o":{"x":[0.77],"y":[0]},"e":[-5.801]},{"t":180,"s":[-5.801],"i":{"x":[0.175],"y":[1]},"o":{"x":[0.77],"y":[0]},"e":[9.199]},{"t":210,"s":[9.199],"i":{"x":[0.175],"y":[1]},"o":{"x":[0.77],"y":[0]},"e":[-6.415]},{"t":240,"s":[-6.415],"i":{"x":[0.175],"y":[1]},"o":{"x":[0.77],"y":[0]},"e":[6.316]},{"t":255,"s":[6.316],"i":{"x":[0.175],"y":[1]},"o":{"x":[0.77],"y":[0]},"e":[-4.658]},{"t":270,"s":[-4.658],"i":{"x":[0.175],"y":[1]},"o":{"x":[0.77],"y":[0]},"e":[10.342]},{"t":285,"s":[10.342],"i":{"x":[0.175],"y":[1]},"o":{"x":[0.77],"y":[0]},"e":[-4.658]},{"t":300,"s":[-4.658],"i":{"x":[0.58],"y":[1]},"o":{"x":[0.42],"y":[0]},"e":[5.105]},{"t":315,"s":[5.105],"i":{"x":[0.58],"y":[1]},"o":{"x":[0.42],"y":[0]},"e":[-9.895]},{"t":330,"s":[-9.895],"i":{"x":[0.58],"y":[1]},"o":{"x":[0.42],"y":[0]},"e":[9.017]},{"t":345,"s":[9.017],"i":{"x":[0.58],"y":[1]},"o":{"x":[0.42],"y":[0]},"e":[-7.791]},{"t":360,"s":[-7.791],"i":{"x":[0.58],"y":[1]},"o":{"x":[0.42],"y":[0]},"e":[11.408]},{"t":372.9,"s":[11.408],"i":{"x":[0.58],"y":[1]},"o":{"x":[0.42],"y":[0]},"e":[-7.871]},{"t":384,"s":[-7.871],"i":{"x":[0.58],"y":[1]},"o":{"x":[0.42],"y":[0]},"e":[11.921]},{"t":395,"s":[11.921],"i":{"x":[0.58],"y":[1]},"o":{"x":[0.42],"y":[0]},"e":[-10.174]},{"t":410,"s":[-10.174],"i":{"x":[0.833],"y":[0.833]},"o":{"x":[0.167],"y":[0.167]},"e":[0]},{"t":434,"s":[0]}]},"o":{"a":0,"k":100}},"ao":0,"ip":0,"op":452,"st":0,"bm":0,"sr":1,"ty":4,"shapes":[{"ty":"gr","it":[{"ty":"sh","d":1,"ks":{"a":0,"k":{"i":[[0,0],[-1.762,2.154],[-6.416,3.672],[5.911,-3.361],[0.296,-5.616],[0.852,-4.831],[0.167,-2.507],[-1.607,-2.143]],"o":[[3.789,0],[0.429,-0.524],[1.946,-7.781],[-0.252,1.005],[-0.26,4.938],[-0.439,2.487],[-0.082,1.228],[0,0]],"v":[[3.164,49.854],[14.725,48.536],[15.743,9.119],[2.565,2.53],[4.961,23.796],[4.242,39.251],[1.007,45.361],[3.164,49.854]],"c":true},"hd":false}},{"ty":"fl","c":{"a":1,"k":[{"t":285,"s":[0.914,0.914,0.91,1],"i":{"x":[0.833],"y":[0.833]},"o":{"x":[0.167],"y":[0.167]},"e":[0.239,0.859,0.522,1]},{"t":300,"s":[0.239,0.859,0.522,1],"i":{"x":[0.833],"y":[0.833]},"o":{"x":[0.167],"y":[0.167]},"e":[0.239,0.859,0.522,1]},{"t":434,"s":[0.239,0.859,0.522,1],"i":{"x":[0.833],"y":[0.833]},"o":{"x":[0.167],"y":[0.167]},"e":[1,1,1,1]},{"t":450,"s":[1,1,1,1]}]},"hd":false,"o":{"a":0,"k":100},"r":1},{"ty":"tr","p":{"a":0,"k":[45.448,114.602]},"a":{"a":0,"k":[8.504,25.507]},"s":{"a":0,"k":[-132.921,152.044]},"r":{"a":0,"k":180},"o":{"a":0,"k":100},"sk":{"a":0,"k":0},"sa":{"a":0,"k":0}}],"nm":"Object","hd":false},{"ty":"gr","it":[{"ty":"sh","d":1,"ks":{"a":0,"k":{"i":[[0,0],[-1.005,3.014],[1.057,3.171],[0,4.301],[-1.05,5.948],[2.467,3.015],[-11.893,-8.321],[-0.553,-10.503],[-0.198,-2.967],[-2.023,-1.567]],"o":[[3.786,-1.294],[1.427,-4.281],[-1.34,-4.02],[0,-6.074],[0.514,-2.916],[-2.728,-3.335],[0,11.752],[0.167,3.163],[0.07,1.056],[0,0]],"v":[[7.995,55.834],[19.018,52.18],[15.543,44.392],[13.986,29.177],[12.908,10.127],[13.986,2.22],[5,10.906],[7.396,43.554],[5.24,51.82],[7.995,55.834]],"c":true},"hd":false}},{"ty":"fl","c":{"a":1,"k":[{"t":285,"s":[0.914,0.914,0.91,1],"i":{"x":[0.833],"y":[0.833]},"o":{"x":[0.167],"y":[0.167]},"e":[0.239,0.859,0.522,1]},{"t":300,"s":[0.239,0.859,0.522,1],"i":{"x":[0.833],"y":[0.833]},"o":{"x":[0.167],"y":[0.167]},"e":[0.239,0.859,0.522,1]},{"t":434,"s":[0.239,0.859,0.522,1],"i":{"x":[0.833],"y":[0.833]},"o":{"x":[0.167],"y":[0.167]},"e":[1,1,1,1]},{"t":450,"s":[1,1,1,1]}]},"hd":false,"o":{"a":0,"k":100},"r":1},{"ty":"tr","p":{"a":0,"k":[41.235,206.707]},"a":{"a":0,"k":[10.166,28.417]},"s":{"a":0,"k":[-132.921,152.044]},"r":{"a":0,"k":180},"o":{"a":0,"k":100},"sk":{"a":0,"k":0},"sa":{"a":0,"k":0}}],"nm":"Object","hd":false},{"ty":"gr","it":[{"d":1,"ty":"rc","s":{"a":0,"k":[26.377,52.469]},"p":{"a":0,"k":[13.189,26.234]},"r":{"a":0,"k":12}},{"ty":"fl","c":{"a":1,"k":[{"t":285,"s":[0.114,0.106,0.106,1],"i":{"x":[0.833],"y":[0.833]},"o":{"x":[0.167],"y":[0.167]},"e":[0.039,0.039,0.039,1]},{"t":300,"s":[0.039,0.039,0.039,1],"i":{"x":[0.833],"y":[0.833]},"o":{"x":[0.167],"y":[0.167]},"e":[0.039,0.039,0.039,1]},{"t":434,"s":[0.039,0.039,0.039,1],"i":{"x":[0.833],"y":[0.833]},"o":{"x":[0.167],"y":[0.167]},"e":[0.114,0.106,0.106,1]},{"t":450,"s":[0.114,0.106,0.106,1]}]},"hd":false,"o":{"a":0,"k":100},"r":1},{"ty":"tr","p":{"a":0,"k":[46.212,112.231]},"a":{"a":0,"k":[13.189,20.734]},"s":{"a":0,"k":[350.394,541.286]},"r":{"a":0,"k":0},"o":{"a":0,"k":100},"sk":{"a":0,"k":0},"sa":{"a":0,"k":0}}],"nm":"Object","hd":false}],"ln":"legLeft"},{"ind":4,"nm":"face","ks":{"p":{"a":1,"k":[{"t":330,"s":[500.842,225.308,0],"to":[0,0,0],"ti":[0,0,0],"i":{"x":[0.58],"y":[1]},"o":{"x":[0.42],"y":[0]},"e":[478.792,225.308,0]},{"t":345,"s":[478.792,225.308,0],"to":[0,0,0],"ti":[0,0,0],"i":{"x":[0.58],"y":[1]},"o":{"x":[0.42],"y":[0]},"e":[499.442,225.308,0]},{"t":360,"s":[499.442,225.308,0],"to":[0,0,0],"ti":[0,0,0],"i":{"x":[0.58],"y":[1]},"o":{"x":[0.42],"y":[0]},"e":[485.765,222.592,0]},{"t":373,"s":[485.765,222.592,0],"to":[0,0,0],"ti":[0,0,0],"i":{"x":[0.58],"y":[1]},"o":{"x":[0.42],"y":[0]},"e":[499.097,225.308,0]},{"t":384.1,"s":[499.097,225.308,0],"to":[0,0,0],"ti":[0,0,0],"i":{"x":[0.58],"y":[1]},"o":{"x":[0.42],"y":[0]},"e":[474.309,225.308,0]},{"t":395,"s":[474.309,225.308,0],"to":[0,0,0],"ti":[0,0,0],"i":{"x":[0.58],"y":[1]},"o":{"x":[0.42],"y":[0]},"e":[499.794,226.308,0]},{"t":410,"s":[499.794,226.308,0]}]},"a":{"a":0,"k":[182.97,103.088,0]},"s":{"a":0,"k":[100,100,100]},"r":{"a":1,"k":[{"t":330,"s":[0],"i":{"x":[0.58],"y":[1]},"o":{"x":[0.42],"y":[0]},"e":[-5.237]},{"t":345,"s":[-5.237],"i":{"x":[0.58],"y":[1]},"o":{"x":[0.42],"y":[0]},"e":[1.789]},{"t":360,"s":[1.789],"i":{"x":[0.58],"y":[1]},"o":{"x":[0.42],"y":[0]},"e":[-3.075]},{"t":373,"s":[-3.075],"i":{"x":[0.58],"y":[1]},"o":{"x":[0.42],"y":[0]},"e":[1.056]},{"t":384.1,"s":[1.056],"i":{"x":[0.58],"y":[1]},"o":{"x":[0.42],"y":[0]},"e":[-3.955]},{"t":395,"s":[-3.955],"i":{"x":[0.58],"y":[1]},"o":{"x":[0.42],"y":[0]},"e":[0.168]},{"t":410,"s":[0.168],"i":{"x":[0.833],"y":[0.833]},"o":{"x":[0.167],"y":[0.167]},"e":[0]},{"t":434,"s":[0]}]},"o":{"a":0,"k":100}},"ao":0,"ip":0,"op":452,"st":0,"bm":0,"sr":1,"ty":4,"shapes":[{"ty":"gr","it":[{"ty":"gr","it":[{"d":1,"ty":"rc","s":{"a":0,"k":[25.979,109.5]},"p":{"a":0,"k":[12.989,54.75]},"r":{"a":0,"k":12}},{"ty":"fl","c":{"a":0,"k":[0.239,0.859,0.522,1]},"hd":false,"o":{"a":0,"k":100},"r":1},{"ty":"tr","p":{"a":0,"k":[223.237,38.707]},"a":{"a":0,"k":[12.989,54.75]},"s":{"a":0,"k":[61.259,73.839]},"r":{"a":0,"k":32.28},"o":{"a":0,"k":100},"sk":{"a":0,"k":0},"sa":{"a":0,"k":0}}],"nm":"Object","hd":false},{"ty":"gr","it":[{"d":1,"ty":"rc","s":{"a":0,"k":[25.979,109.5]},"p":{"a":0,"k":[12.989,54.75]},"r":{"a":0,"k":12}},{"ty":"fl","c":{"a":0,"k":[0.239,0.859,0.522,1]},"hd":false,"o":{"a":0,"k":100},"r":1},{"ty":"tr","p":{"a":0,"k":[27.737,38.707]},"a":{"a":0,"k":[12.989,54.75]},"s":{"a":0,"k":[61.259,73.839]},"r":{"a":0,"k":-31.178},"o":{"a":0,"k":100},"sk":{"a":0,"k":0},"sa":{"a":0,"k":0}}],"nm":"Object","hd":false},{"ty":"tr","p":{"a":0,"k":[181.221,31.628]},"a":{"a":0,"k":[122.664,35.805]},"s":{"a":0,"k":[100,100]},"r":{"a":0,"k":0},"o":{"a":1,"k":[{"t":285,"s":[1],"i":{"x":[0.833],"y":[0.833]},"o":{"x":[0.167],"y":[0.167]},"e":[100]},{"t":300,"s":[100],"i":{"x":[0.833],"y":[0.833]},"o":{"x":[0.167],"y":[0.167]},"e":[100]},{"t":434,"s":[100],"i":{"x":[0.833],"y":[0.833]},"o":{"x":[0.167],"y":[0.167]},"e":[0]},{"t":450,"s":[0]}]},"sk":{"a":0,"k":0},"sa":{"a":0,"k":0}}],"nm":"antennas","ln":"antennas","hd":false},{"ty":"gr","it":[{"ty":"sh","d":1,"ks":{"a":0,"k":{"i":[[0,0],[-7.992,-6.285],[-3.906,3.196],[-3.56,1.424],[-4.88,-0.375],[-4.495,0.749],[-4.651,0.775],[-3.314,-1.657],[-2.597,1.039],[-5.493,-1.187],[5.738,1.913],[4.367,1.456],[3.96,-0.305],[3.636,0],[4.735,-0.789],[4.003,-1.334],[3.481,-1.874],[3.998,-1.538],[2.486,-1.933],[-3.16,-7.9]],"o":[[6.044,-2.423],[3.838,-4.107],[3.926,-3.213],[3.872,-1.549],[4.486,0.345],[4.494,-0.749],[3.85,-0.642],[3.657,1.828],[2.914,-1.166],[0,-7.174],[-4.847,-1.615],[-3.511,-1.171],[-3.633,0.28],[-4.61,0],[-4.121,0.687],[-3.909,1.303],[-3.719,2.003],[-2.879,1.107],[-5.738,4.463],[0,0]],"v":[[2.227,61.755],[20.199,47.378],[28.286,33.6],[38.649,38.333],[47.874,27.43],[61.053,34.858],[70.938,24.375],[83.637,33.96],[91.005,27.67],[113.05,40.789],[91.365,4.666],[78.485,7.362],[67.942,1.012],[60.694,7.542],[47.635,1.192],[37.511,9.878],[25.29,9.039],[16.365,18.684],[8.098,16.527],[2.227,61.755]],"c":true},"hd":false}},{"ty":"fl","c":{"a":0,"k":[0.239,0.859,0.522,1]},"hd":false,"o":{"a":0,"k":100},"r":1},{"ty":"tr","p":{"a":0,"k":[183.426,180.576]},"a":{"a":0,"k":[57.025,31.378]},"s":{"a":0,"k":[-51.858,51.858]},"r":{"a":0,"k":166.139},"o":{"a":1,"k":[{"t":285,"s":[0],"i":{"x":[0.07],"y":[1]},"o":{"x":[0.86],"y":[0]},"e":[100]},{"t":291,"s":[100],"i":{"x":[0.833],"y":[0.833]},"o":{"x":[0.167],"y":[0.167]},"e":[100]},{"t":434,"s":[100],"i":{"x":[0.833],"y":[0.833]},"o":{"x":[0.167],"y":[0.167]},"e":[0]},{"t":450,"s":[0]}]},"sk":{"a":0,"k":0},"sa":{"a":0,"k":0}}],"nm":"Object","hd":false},{"ty":"gr","it":[{"ty":"gr","it":[{"d":1,"ty":"el","s":{"a":0,"k":[10.067,10.067]},"p":{"a":0,"k":[0,0]}},{"ty":"fl","c":{"a":1,"k":[{"t":285,"s":[1,1,1,1],"i":{"x":[0.833],"y":[0.833]},"o":{"x":[0.167],"y":[0.167]},"e":[0.239,0.859,0.522,1]},{"t":300,"s":[0.239,0.859,0.522,1],"i":{"x":[0.833],"y":[0.833]},"o":{"x":[0.167],"y":[0.167]},"e":[0.239,0.859,0.522,1]},{"t":434,"s":[0.239,0.859,0.522,1],"i":{"x":[0.833],"y":[0.833]},"o":{"x":[0.167],"y":[0.167]},"e":[1,1,1,1]},{"t":450,"s":[1,1,1,1]}]},"hd":false,"o":{"a":0,"k":100},"r":1},{"ty":"tr","p":{"a":0,"k":[223.994,17.44]},"a":{"a":0,"k":[-0.47,-0.47]},"s":{"a":0,"k":[382.19,382.19]},"r":{"a":0,"k":0},"o":{"a":0,"k":100},"sk":{"a":0,"k":0},"sa":{"a":0,"k":0}}],"nm":"eyeR","ln":"eyeR","hd":false},{"ty":"gr","it":[{"d":1,"ty":"el","s":{"a":0,"k":[10.067,10.067]},"p":{"a":0,"k":[0,0]}},{"ty":"fl","c":{"a":1,"k":[{"t":285,"s":[1,1,1,1],"i":{"x":[0.833],"y":[0.833]},"o":{"x":[0.167],"y":[0.167]},"e":[0.239,0.859,0.522,1]},{"t":300,"s":[0.239,0.859,0.522,1],"i":{"x":[0.833],"y":[0.833]},"o":{"x":[0.167],"y":[0.167]},"e":[0.239,0.859,0.522,1]},{"t":434,"s":[0.239,0.859,0.522,1],"i":{"x":[0.833],"y":[0.833]},"o":{"x":[0.167],"y":[0.167]},"e":[1,1,1,1]},{"t":450,"s":[1,1,1,1]}]},"hd":false,"o":{"a":0,"k":100},"r":1},{"ty":"tr","p":{"a":0,"k":[19.237,19.238]},"a":{"a":0,"k":[0,0]},"s":{"a":0,"k":[382.19,382.19]},"r":{"a":0,"k":0},"o":{"a":0,"k":100},"sk":{"a":0,"k":0},"sa":{"a":0,"k":0}}],"nm":"eyeL","ln":"eyeL","hd":false},{"ty":"tr","p":{"a":0,"k":[183.426,138.558]},"a":{"a":0,"k":[122.515,19.238]},"s":{"a":0,"k":[81.534,81.534]},"r":{"a":0,"k":0},"o":{"a":0,"k":100},"sk":{"a":0,"k":0},"sa":{"a":0,"k":0}}],"nm":"eyes","ln":"eyes","hd":false},{"ty":"gr","it":[{"ty":"sh","d":1,"ks":{"a":0,"k":{"i":[[0,0],[0,0],[-0.034,0.265],[0.07,0.257],[0.162,0.212],[0.232,0.134],[0.264,0.034],[0.258,-0.069],[0.211,-0.163],[0.134,-0.231],[0,0],[9.068,0],[7.567,-3.453],[0,0],[0.212,0.162],[0.258,0.069],[0.265,-0.035],[0.231,-0.133],[0.162,-0.211],[0.069,-0.258],[-0.035,-0.265],[-0.133,-0.231],[0,0],[1.68,-20.072],[0,0],[16.781,9.127]],"o":[[0,0],[0.133,-0.231],[0.036,-0.265],[-0.068,-0.258],[-0.162,-0.211],[-0.231,-0.133],[-0.265,-0.035],[-0.258,0.069],[-0.212,0.162],[0,0],[-7.568,-3.453],[-9.069,0],[0,0],[-0.134,-0.231],[-0.211,-0.163],[-0.258,-0.069],[-0.265,0.034],[-0.232,0.134],[-0.163,0.212],[-0.069,0.258],[0.035,0.265],[0,0],[-16.783,9.126],[0,0],[-1.681,-20.072],[0,0]],"v":[[189.814,122.296],[200.629,105.618],[200.882,104.867],[200.83,104.076],[200.48,103.364],[199.884,102.841],[199.133,102.587],[198.342,102.639],[197.631,102.99],[197.107,103.585],[186.171,120.476],[161.036,115.1],[135.902,120.476],[126.009,103.335],[125.485,102.74],[124.774,102.389],[123.983,102.337],[123.232,102.591],[122.636,103.114],[122.285,103.825],[122.233,104.617],[122.487,105.368],[132.258,122.296],[102.319,168.484],[219.753,168.484],[189.814,122.295]],"c":false},"hd":false}},{"ty":"fl","c":{"a":1,"k":[{"t":285,"s":[0.114,0.106,0.106,1],"i":{"x":[0.833],"y":[0.833]},"o":{"x":[0.167],"y":[0.167]},"e":[0.039,0.039,0.039,1]},{"t":300,"s":[0.039,0.039,0.039,1],"i":{"x":[0.833],"y":[0.833]},"o":{"x":[0.167],"y":[0.167]},"e":[0.039,0.039,0.039,1]},{"t":434,"s":[0.039,0.039,0.039,1],"i":{"x":[0.833],"y":[0.833]},"o":{"x":[0.167],"y":[0.167]},"e":[0.114,0.106,0.106,1]},{"t":450,"s":[0.114,0.106,0.106,1]}]},"hd":false,"o":{"a":0,"k":100},"r":1},{"ty":"tr","p":{"a":0,"k":[-318.839,-318.841]},"a":{"a":0,"k":[0,0]},"s":{"a":0,"k":[311.613,311.613]},"r":{"a":0,"k":0},"o":{"a":0,"k":100},"sk":{"a":0,"k":0},"sa":{"a":0,"k":0}}],"nm":"head","ln":"head","hd":false}],"ln":"face"},{"ind":3,"nm":"Layer 3","ks":{"p":{"a":0,"k":[603.459,920.326]},"a":{"a":0,"k":[0,0,0]},"s":{"a":0,"k":[100,100,100]},"r":{"a":0,"k":0},"o":{"a":0,"k":100}},"ao":0,"ip":0,"op":452,"st":0,"bm":0,"sr":1,"ty":4,"shapes":[]},{"ind":2,"nm":"Layer 2","ks":{"p":{"a":0,"k":[567,749.274]},"a":{"a":0,"k":[0,0,0]},"s":{"a":0,"k":[100,100,100]},"r":{"a":0,"k":0},"o":{"a":0,"k":100}},"ao":0,"ip":0,"op":452,"st":0,"bm":0,"sr":1,"ty":4,"shapes":[]},{"ind":1,"nm":"bg","ks":{"p":{"a":0,"k":[500,500]},"a":{"a":0,"k":[500,500,0]},"s":{"a":0,"k":[100,100,100]},"r":{"a":0,"k":0},"o":{"a":0,"k":100}},"ao":0,"ip":0,"op":452,"st":0,"bm":0,"sr":1,"ty":4,"shapes":[{"ty":"gr","it":[{"d":1,"ty":"rc","s":{"a":0,"k":[1000,1000]},"p":{"a":0,"k":[500,500]},"r":{"a":0,"k":0}},{"ty":"fl","c":{"a":1,"k":[{"t":285,"s":[1,1,1,1],"i":{"x":[0.833],"y":[0.833]},"o":{"x":[0.167],"y":[0.167]},"e":[0.039,0.039,0.039,1]},{"t":300,"s":[0.039,0.039,0.039,1],"i":{"x":[0.833],"y":[0.833]},"o":{"x":[0.167],"y":[0.167]},"e":[0.039,0.039,0.039,1]},{"t":434,"s":[0.039,0.039,0.039,1],"i":{"x":[0.07],"y":[1]},"o":{"x":[0.86],"y":[0]},"e":[1,1,1,1]},{"t":452,"s":[1,1,1,1]}]},"hd":false,"o":{"a":0,"k":100},"r":1},{"ty":"tr","p":{"a":0,"k":[0,0]},"a":{"a":0,"k":[0,0]},"s":{"a":0,"k":[100,100]},"r":{"a":0,"k":0},"o":{"a":0,"k":100},"sk":{"a":0,"k":0},"sa":{"a":0,"k":0}}],"nm":"Object","hd":false}],"ln":"bg"}],"markers":[]}